,Feinstaub (PM10)µg/m³,Stickstoffmonoxidµg/m³,Stickstoffdioxidµg/m³,Stickoxideµg/m³,Ozonµg/m³,Kohlenmonoxidmg/m³,Ortschaft
2017-05-12,,26,40,79,28,0.2,Messwagen Leipziger Str.
2017-06-12,23,28,36,78,35,0.2,Messwagen Leipziger Str.
2017-07-12,19,36,40,94,36,0.2,Messwagen Leipziger Str.
2017-08-12,15,36,41,95,32,0.2,Messwagen Leipziger Str.
2017-09-12,15,24,35,72,33,0.3,Messwagen Leipziger Str.
2017-10-12,18,29,37,82,34,0.3,Messwagen Leipziger Str.
2017-11-12,21,73,59,171,15,0.4,Messwagen Leipziger Str.
2017-12-12,13,32,38,88,26,0.3,Messwagen Leipziger Str.
2017-12-13,23,73,56,167,19,0.4,Messwagen Leipziger Str.
2017-12-14,10,41,46,109,31,0.3,Messwagen Leipziger Str.
2017-12-15,20,81,62,187,10,0.4,Messwagen Leipziger Str.
2017-12-16,27,34,45,97,16,0.4,Messwagen Leipziger Str.
2017-12-17,13,10,25,40,30,0.2,Messwagen Leipziger Str.
2017-12-18,26,113,64,237,6,0.5,Messwagen Leipziger Str.
2017-12-19,26,47,50,122,4,0.3,Messwagen Leipziger Str.
2017-12-20,25,95,61,207,5,0.4,Messwagen Leipziger Str.
2017-12-21,15,25,36,75,15,0.3,Messwagen Leipziger Str.
2017-12-22,17,14,36,57,33,0.2,Messwagen Leipziger Str.
2017-12-23,19,12,23,41,35,0.2,Messwagen Leipziger Str.
2017-12-24,18,6,14,24,48,0.2,Messwagen Leipziger Str.
2017-12-25,10,13,19,40,45,0.2,Messwagen Leipziger Str.
2017-12-26,14,21,31,62,29,0.3,Messwagen Leipziger Str.
2017-12-27,20,73,60,171,12,0.4,Messwagen Leipziger Str.
2017-12-28,20,32,42,91,18,0.3,Messwagen Leipziger Str.
2017-12-29,20,49,46,122,22,0.4,Messwagen Leipziger Str.
2017-12-30,17,46,49,119,22,0.4,Messwagen Leipziger Str.
2017-12-31,15,26,37,76,39,0.3,Messwagen Leipziger Str.
2018-01-01,15,23,33,68,45,0.2,Messwagen Leipziger Str.
2018-02-01,14,34,46,98,22,0.3,Messwagen Leipziger Str.
2018-03-01,9,40,41,102,33,0.3,Messwagen Leipziger Str.
2018-04-01,11,37,41,98,35,0.3,Messwagen Leipziger Str.
2018-05-01,11,35,47,100,32,0.3,Messwagen Leipziger Str.
2018-06-01,16,27,49,90,21,0.3,Messwagen Leipziger Str.
2018-07-01,9,23,39,73,19,0.3,Messwagen Leipziger Str.
2018-08-01,22,73,66,177,16,0.4,Messwagen Leipziger Str.
2018-09-01,32,58,52,142,20,0.5,Messwagen Leipziger Str.
2018-10-01,49,124,57,247,3,0.7,Messwagen Leipziger Str.
2018-11-01,47,106,42,204,1,0.8,Messwagen Leipziger Str.
2018-12-01,44,81,41,165,2,0.5,Messwagen Leipziger Str.
2018-01-13,33,33,34,84,22,0.3,Messwagen Leipziger Str.
2018-01-14,29,31,33,80,22,0.3,Messwagen Leipziger Str.
2018-01-15,33,77,49,166,12,0.4,Messwagen Leipziger Str.
2018-01-16,14,73,54,166,21,0.4,Messwagen Leipziger Str.
2018-01-17,14,45,51,121,26,0.3,Messwagen Leipziger Str.
2018-01-18,10,53,45,125,33,0.3,Messwagen Leipziger Str.
2018-01-19,17,44,50,117,28,0.3,Messwagen Leipziger Str.
2018-01-20,23,61,57,150,14,0.5,Messwagen Leipziger Str.
2018-01-21,28,27,39,80,13,0.4,Messwagen Leipziger Str.
2018-01-22,32,71,53,161,20,0.4,Messwagen Leipziger Str.
2018-01-23,37,97,58,206,9,0.5,Messwagen Leipziger Str.
2018-01-24,14,57,47,135,21,0.4,Messwagen Leipziger Str.
2018-01-25,13,65,65,164,19,0.4,Messwagen Leipziger Str.
2018-01-26,27,67,56,159,11,0.5,Messwagen Leipziger Str.
2018-01-27,29,35,40,93,20,0.4,Messwagen Leipziger Str.
2018-01-28,15,13,22,42,42,0.3,Messwagen Leipziger Str.
2018-01-29,11,20,27,58,44,0.2,Messwagen Leipziger Str.
2018-01-30,13,24,39,75,43,0.3,Messwagen Leipziger Str.
2018-01-31,15,73,55,168,18,0.4,Messwagen Leipziger Str.
2018-01-02,13,53,52,133,37,0.4,Messwagen Leipziger Str.
2018-02-02,18,66,52,152,22,0.4,Messwagen Leipziger Str.
2018-03-02,16,15,28,51,24,0.3,Messwagen Leipziger Str.
2018-04-02,18,15,29,53,24,0.3,Messwagen Leipziger Str.
2018-05-02,24,53,65,145,18,0.3,Messwagen Leipziger Str.
2018-06-02,32,94,84,227,20,0.5,Messwagen Leipziger Str.
2018-07-02,56,68,65,169,14,0.5,Messwagen Leipziger Str.
2018-08-02,64,74,77,191,12,0.6,Messwagen Leipziger Str.
2018-09-02,75,120,90,273,7,0.7,Messwagen Leipziger Str.
2018-10-02,67,68,60,164,7,0.6,Messwagen Leipziger Str.
2018-11-02,30,34,43,95,22,0.4,Messwagen Leipziger Str.
2018-12-02,19,44,50,117,28,0.3,Messwagen Leipziger Str.
2018-02-13,45,108,80,244,15,0.5,Messwagen Leipziger Str.
2018-02-14,49,100,82,235,11,0.5,Messwagen Leipziger Str.
2018-02-15,46,76,63,179,22,0.5,Messwagen Leipziger Str.
2018-02-16,33,49,53,129,24,0.4,Messwagen Leipziger Str.
2018-02-17,30,27,50,91,21,0.3,Messwagen Leipziger Str.
2018-02-18,21,40,55,116,35,0.3,Messwagen Leipziger Str.
2018-02-19,39,91,72,212,19,0.5,Messwagen Leipziger Str.
2018-02-20,50,70,72,179,16,0.5,Messwagen Leipziger Str.
2018-02-21,35,49,63,139,21,0.4,Messwagen Leipziger Str.
2018-02-22,27,56,64,150,22,0.4,Messwagen Leipziger Str.
2018-02-23,33,59,63,153,26,0.3,Messwagen Leipziger Str.
2018-02-24,18,23,50,85,35,0.3,Messwagen Leipziger Str.
2018-02-25,16,30,51,96,36,0.3,Messwagen Leipziger Str.
2018-02-26,25,40,57,119,31,0.3,Messwagen Leipziger Str.
2018-02-27,31,67,66,168,34,0.3,Messwagen Leipziger Str.
2018-02-28,41,58,60,149,33,0.4,Messwagen Leipziger Str.
2018-01-03,37,61,59,152,30,0.4,Messwagen Leipziger Str.
2018-02-03,56,65,66,165,25,0.5,Messwagen Leipziger Str.
2018-03-03,52,43,55,121,33,0.5,Messwagen Leipziger Str.
2018-04-03,63,28,49,93,51,0.4,Messwagen Leipziger Str.
2018-05-03,69,88,90,224,21,0.7,Messwagen Leipziger Str.
2018-06-03,68,83,85,211,19,0.7,Messwagen Leipziger Str.
2018-07-03,45,54,60,143,21,0.7,Messwagen Leipziger Str.
2018-08-03,37,75,66,181,21,0.5,Messwagen Leipziger Str.
2018-09-03,26,48,56,129,35,0.4,Messwagen Leipziger Str.
2018-10-03,35,74,69,182,6,0.6,Messwagen Leipziger Str.
2018-11-03,28,44,61,128,20,0.5,Messwagen Leipziger Str.
2018-12-03,35,66,64,166,18,0.4,Messwagen Leipziger Str.
2018-03-13,14,32,36,85,33,0.3,Messwagen Leipziger Str.
2018-03-14,18,22,38,71,30,0.3,Messwagen Leipziger Str.
2018-03-15,31,65,59,158,25,0.4,Messwagen Leipziger Str.
2018-03-16,26,46,56,126,29,0.3,Messwagen Leipziger Str.
2018-03-17,23,31,44,92,44,0.3,Messwagen Leipziger Str.
2018-03-18,21,26,42,82,52,0.3,Messwagen Leipziger Str.
2018-03-19,24,51,69,147,31,0.3,Messwagen Leipziger Str.
2018-03-20,23,42,61,125,28,0.4,Messwagen Leipziger Str.
2018-03-21,16,38,53,112,36,0.4,Messwagen Leipziger Str.
2018-03-22,28,52,54,133,23,0.4,Messwagen Leipziger Str.
2018-03-23,25,55,57,140,26,0.3,Messwagen Leipziger Str.
2018-03-24,29,44,55,122,29,0.4,Messwagen Leipziger Str.
2018-03-25,45,33,57,107,39,0.5,Messwagen Leipziger Str.
2018-03-26,31,20,41,72,37,0.3,Messwagen Leipziger Str.
2018-03-27,22,48,59,132,38,0.3,Messwagen Leipziger Str.
2018-03-28,36,69,54,160,26,0.5,Messwagen Leipziger Str.
2018-03-29,18,30,40,86,42,0.4,Messwagen Leipziger Str.
2018-03-30,23,20,42,73,50,0.3,Messwagen Leipziger Str.
2018-03-31,31,27,49,91,33,0.4,Messwagen Leipziger Str.
2018-01-04,11,4,20,26,63,0.2,Messwagen Leipziger Str.
2018-02-04,33,12,34,52,70,0.3,Messwagen Leipziger Str.
2018-03-04,25,56,65,150,36,0.4,Messwagen Leipziger Str.
2018-04-04,26,52,68,148,40,0.3,Messwagen Leipziger Str.
2018-05-04,13,31,35,82,56,0.2,Messwagen Leipziger Str.
2018-06-04,17,30,46,92,49,0.4,Messwagen Leipziger Str.
2018-07-04,26,29,53,97,52,0.4,Messwagen Leipziger Str.
2018-08-04,28,14,37,58,62,0.3,Messwagen Leipziger Str.
2018-09-04,40,55,92,176,37,0.5,Messwagen Leipziger Str.
2018-10-04,45,33,64,114,53,0.4,Messwagen Leipziger Str.
2018-11-04,47,27,48,90,41,0.3,Messwagen Leipziger Str.
2018-12-04,48,46,58,128,42,0.4,Messwagen Leipziger Str.
2018-04-13,44,49,63,138,37,0.4,Messwagen Leipziger Str.
2018-04-14,36,20,37,68,50,0.4,Messwagen Leipziger Str.
2018-04-15,27,18,44,72,55,0.4,Messwagen Leipziger Str.
2018-04-16,34,17,44,69,30,0.3,Messwagen Leipziger Str.
2018-04-17,32,21,44,76,47,0.3,Messwagen Leipziger Str.
2018-04-18,33,43,73,139,46,0.4,Messwagen Leipziger Str.
2018-04-19,31,42,80,145,42,0.4,Messwagen Leipziger Str.
2018-04-20,28,48,71,144,50,0.4,Messwagen Leipziger Str.
2018-04-21,26,6,31,41,83,0.3,Messwagen Leipziger Str.
2018-04-22,22,19,46,75,68,0.3,Messwagen Leipziger Str.
2018-04-23,27,25,46,83,64,0.3,Messwagen Leipziger Str.
2018-04-24,24,41,51,114,41,0.3,Messwagen Leipziger Str.
2018-04-25,22,37,43,100,42,0.3,Messwagen Leipziger Str.
2018-04-26,13,43,45,111,45,0.3,Messwagen Leipziger Str.
2018-04-27,20,60,61,152,41,0.4,Messwagen Leipziger Str.
2018-04-28,23,27,50,92,58,0.3,Messwagen Leipziger Str.
2018-04-29,24,11,43,59,68,0.3,Messwagen Leipziger Str.
2018-04-30,29,31,45,93,58,0.3,Messwagen Leipziger Str.
2018-01-05,14,12,26,44,67,0.2,Messwagen Leipziger Str.
2018-02-05,25,48,65,138,34,0.4,Messwagen Leipziger Str.
2018-03-05,24,14,39,61,58,0.3,Messwagen Leipziger Str.
2018-04-05,15,16,49,73,61,0.2,Messwagen Leipziger Str.
2018-05-05,15,13,46,66,60,0.2,Messwagen Leipziger Str.
2018-06-05,16,11,35,52,60,0.2,Messwagen Leipziger Str.
2018-07-05,27,36,62,117,50,0.3,Messwagen Leipziger Str.
2018-08-05,36,43,70,136,54,0.4,Messwagen Leipziger Str.
2018-09-05,39,38,69,127,56,0.4,Messwagen Leipziger Str.
2018-10-05,33,14,35,56,73,0.3,Messwagen Leipziger Str.
2018-11-05,27,15,30,54,44,0.3,Messwagen Leipziger Str.
2018-12-05,28,22,47,80,48,0.3,Messwagen Leipziger Str.
2018-05-13,30,10,42,57,75,0.3,Messwagen Leipziger Str.
2018-05-14,32,30,62,109,65,0.3,Messwagen Leipziger Str.
2018-05-15,30,18,51,78,57,0.3,Messwagen Leipziger Str.
2018-05-16,30,10,31,46,61,0.3,Messwagen Leipziger Str.
2018-05-17,32,7,26,36,68,0.2,Messwagen Leipziger Str.
2018-05-18,24,18,31,59,45,0.3,Messwagen Leipziger Str.
2018-05-19,22,15,38,61,51,0.3,Messwagen Leipziger Str.
2018-05-20,15,14,41,62,60,0.3,Messwagen Leipziger Str.
2018-05-21,18,16,42,66,72,0.3,Messwagen Leipziger Str.
2018-05-22,22,34,64,115,67,0.3,Messwagen Leipziger Str.
2018-05-23,20,15,46,69,69,0.3,Messwagen Leipziger Str.
2018-05-24,24,36,65,120,66,0.3,Messwagen Leipziger Str.
2018-05-25,24,24,53,91,65,0.3,Messwagen Leipziger Str.
2018-05-26,21,11,44,61,75,0.3,Messwagen Leipziger Str.
2018-05-27,25,8,36,49,81,0.3,Messwagen Leipziger Str.
2018-05-28,31,35,73,126,77,0.4,Messwagen Leipziger Str.
2018-05-29,31,33,72,123,84,0.4,Messwagen Leipziger Str.
2018-05-30,30,38,79,137,72,0.4,Messwagen Leipziger Str.
2018-05-31,31,42,82,145,70,0.4,Messwagen Leipziger Str.
2018-01-06,36,27,65,105,77,0.4,Messwagen Leipziger Str.
2018-02-06,35,13,33,53,65,0.3,Messwagen Leipziger Str.
2018-03-06,29,4,19,26,69,0.3,Messwagen Leipziger Str.
2018-04-06,24,12,32,49,79,0.3,Messwagen Leipziger Str.
2018-05-06,,13,32,51,65,0.3,Messwagen Leipziger Str.
2018-06-06,19,41,51,114,58,0.3,Messwagen Leipziger Str.
2018-07-06,19,46,66,136,67,0.4,Messwagen Leipziger Str.
2018-08-06,22,30,66,112,81,0.3,Messwagen Leipziger Str.
2018-09-06,23,23,62,96,89,0.3,Messwagen Leipziger Str.
2018-10-06,28,11,38,55,76,0.3,Messwagen Leipziger Str.
2018-11-06,24,13,31,51,72,0.2,Messwagen Leipziger Str.
2018-12-06,18,8,20,33,65,0.2,Messwagen Leipziger Str.
2018-06-13,14,15,25,48,46,0.2,Messwagen Leipziger Str.
2018-06-14,17,23,43,78,60,0.3,Messwagen Leipziger Str.
2018-06-15,24,27,55,97,50,0.3,Messwagen Leipziger Str.
2018-06-16,24,32,63,112,54,0.4,Messwagen Leipziger Str.
2018-06-17,24,9,30,44,80,0.2,Messwagen Leipziger Str.
2018-06-18,20,28,46,88,54,0.3,Messwagen Leipziger Str.
2018-06-19,19,19,37,66,55,0.3,Messwagen Leipziger Str.
2018-06-20,19,37,53,109,51,0.3,Messwagen Leipziger Str.
2018-06-21,18,29,45,89,49,0.3,Messwagen Leipziger Str.
2018-06-22,11,20,27,58,50,0.2,Messwagen Leipziger Str.
2018-06-23,10,9,20,34,50,0.2,Messwagen Leipziger Str.
2018-06-24,11,8,21,34,36,0.2,Messwagen Leipziger Str.
2018-06-25,22,27,31,72,35,0.3,Messwagen Leipziger Str.
2018-06-26,18,11,25,41,41,0.2,Messwagen Leipziger Str.
2018-06-27,14,20,42,74,48,0.3,Messwagen Leipziger Str.
2018-06-28,20,11,39,56,63,0.2,Messwagen Leipziger Str.
2018-06-29,17,7,31,42,75,0.2,Messwagen Leipziger Str.
2018-06-30,9,10,25,40,50,0.2,Messwagen Leipziger Str.
2018-01-07,8,6,24,33,53,0.2,Messwagen Leipziger Str.
2018-02-07,11,15,34,57,53,0.2,Messwagen Leipziger Str.
2018-03-07,14,12,36,53,72,0.2,Messwagen Leipziger Str.
2018-04-07,20,24,62,99,90,0.3,Messwagen Leipziger Str.
2018-05-07,27,10,47,62,89,0.3,Messwagen Leipziger Str.
2018-06-07,17,11,24,40,57,0.2,Messwagen Leipziger Str.
2018-07-07,18,6,18,27,67,0.2,Messwagen Leipziger Str.
2018-08-07,16,3,13,17,65,0.2,Messwagen Leipziger Str.
2018-09-07,19,12,23,42,53,0.2,Messwagen Leipziger Str.
2018-10-07,20,32,38,86,37,0.3,Messwagen Leipziger Str.
2018-11-07,14,16,43,67,58,0.3,Messwagen Leipziger Str.
2018-12-07,17,11,32,48,39,0.2,Messwagen Leipziger Str.
2018-07-13,23,14,33,55,48,0.2,Messwagen Leipziger Str.
2018-07-14,18,5,18,26,53,0.2,Messwagen Leipziger Str.
2018-07-15,11,4,21,28,58,0.2,Messwagen Leipziger Str.
2018-07-16,19,16,42,66,65,0.3,Messwagen Leipziger Str.
2018-07-17,23,6,29,38,68,0.2,Messwagen Leipziger Str.
2018-07-18,25,5,24,32,82,0.2,Messwagen Leipziger Str.
2018-07-19,20,6,30,39,65,0.2,Messwagen Leipziger Str.
2018-07-20,22,13,42,62,69,0.3,Messwagen Leipziger Str.
2018-07-21,19,12,44,61,70,0.3,Messwagen Leipziger Str.
2018-07-22,22,8,39,52,97,0.3,Messwagen Leipziger Str.
2018-07-23,19,8,26,38,70,0.2,Messwagen Leipziger Str.
2018-07-24,19,21,48,80,45,0.3,Messwagen Leipziger Str.
2018-07-25,19,24,44,81,46,0.3,Messwagen Leipziger Str.
2018-07-26,21,15,45,67,60,0.3,Messwagen Leipziger Str.
2018-07-27,24,25,54,93,54,0.3,Messwagen Leipziger Str.
2018-07-28,21,16,43,68,77,0.3,Messwagen Leipziger Str.
2018-07-29,17,10,32,47,84,0.3,Messwagen Leipziger Str.
2018-07-30,19,33,65,116,65,0.4,Messwagen Leipziger Str.
2018-07-31,22,37,79,135,69,0.4,Messwagen Leipziger Str.
2018-01-08,24,8,38,51,80,0.3,Messwagen Leipziger Str.
2018-02-08,17,7,36,47,82,0.2,Messwagen Leipziger Str.
2018-03-08,19,19,60,89,87,0.3,Messwagen Leipziger Str.
2018-04-08,21,10,38,54,106,0.3,Messwagen Leipziger Str.
2018-05-08,11,4,14,21,65,0.2,Messwagen Leipziger Str.
2018-06-08,15,20,44,74,60,0.3,Messwagen Leipziger Str.
2018-07-08,21,38,79,138,67,0.4,Messwagen Leipziger Str.
2018-08-08,31,30,74,120,85,0.4,Messwagen Leipziger Str.
2018-09-08,31,18,59,87,90,0.3,Messwagen Leipziger Str.
2018-10-08,14,22,37,70,58,0.3,Messwagen Leipziger Str.
2018-11-08,14,14,30,51,60,0.2,Messwagen Leipziger Str.
2018-12-08,12,14,36,58,68,0.3,Messwagen Leipziger Str.
2018-08-13,20,42,73,138,52,0.4,Messwagen Leipziger Str.
2018-08-14,15,26,34,73,49,0.3,Messwagen Leipziger Str.
2018-08-15,14,14,30,51,51,0.2,Messwagen Leipziger Str.
2018-08-16,25,50,76,152,42,0.4,Messwagen Leipziger Str.
2018-08-17,25,28,51,94,75,0.3,Messwagen Leipziger Str.
2018-08-18,15,13,32,52,64,0.3,Messwagen Leipziger Str.
2018-08-19,21,12,43,62,78,0.4,Messwagen Leipziger Str.
2018-08-20,20,28,42,84,37,0.3,Messwagen Leipziger Str.
2018-08-21,15,10,26,41,50,0.2,Messwagen Leipziger Str.
2018-08-22,23,36,63,119,47,0.4,Messwagen Leipziger Str.
2018-08-23,33,43,78,144,60,0.4,Messwagen Leipziger Str.
2018-08-24,28,19,38,66,48,0.3,Messwagen Leipziger Str.
2018-08-25,21,25,37,76,41,0.3,Messwagen Leipziger Str.
2018-08-26,11,19,30,60,45,0.3,Messwagen Leipziger Str.
2018-08-27,21,45,48,116,41,0.3,Messwagen Leipziger Str.
2018-08-28,18,25,36,74,36,0.3,Messwagen Leipziger Str.
2018-08-29,26,50,65,142,49,0.4,Messwagen Leipziger Str.
2018-08-30,25,38,52,109,45,0.4,Messwagen Leipziger Str.
2018-08-31,15,24,32,69,37,0.3,Messwagen Leipziger Str.
2018-01-09,17,17,37,64,45,0.3,Messwagen Leipziger Str.
2018-02-09,17,8,28,39,51,0.3,Messwagen Leipziger Str.
2018-03-09,24,35,61,114,51,0.4,Messwagen Leipziger Str.
2018-04-09,21,15,38,61,53,0.3,Messwagen Leipziger Str.
2018-05-09,23,22,44,77,47,0.3,Messwagen Leipziger Str.
2018-06-09,26,41,57,120,48,0.4,Messwagen Leipziger Str.
2018-07-09,24,40,53,113,53,0.4,Messwagen Leipziger Str.
2018-08-09,14,22,38,72,51,0.3,Messwagen Leipziger Str.
2018-09-09,21,22,60,93,50,0.4,Messwagen Leipziger Str.
2018-10-09,22,50,76,153,37,0.5,Messwagen Leipziger Str.
2018-11-09,21,44,59,126,42,0.4,Messwagen Leipziger Str.
2018-12-09,17,30,44,91,43,0.3,Messwagen Leipziger Str.
2018-09-13,11,25,41,79,28,0.3,Messwagen Leipziger Str.
2018-09-14,20,44,54,122,23,0.4,Messwagen Leipziger Str.
2018-09-15,17,14,32,53,43,0.3,Messwagen Leipziger Str.
2018-09-16,18,20,40,70,41,0.3,Messwagen Leipziger Str.
2018-09-17,31,80,97,218,24,0.6,Messwagen Leipziger Str.
2018-09-18,42,56,102,188,34,0.5,Messwagen Leipziger Str.
2018-09-19,38,48,80,154,49,0.5,Messwagen Leipziger Str.
2018-09-20,37,55,83,166,38,0.5,Messwagen Leipziger Str.
2018-09-21,46,37,60,117,47,0.4,Messwagen Leipziger Str.
2018-09-22,11,22,30,63,42,0.3,Messwagen Leipziger Str.
2018-09-23,10,19,29,58,38,0.3,Messwagen Leipziger Str.
2018-09-24,11,12,27,45,46,0.2,Messwagen Leipziger Str.
2018-09-25,12,22,42,76,38,0.3,Messwagen Leipziger Str.
2018-09-26,14,53,53,133,35,0.4,Messwagen Leipziger Str.
2018-09-27,16,,,,27,0.4,Messwagen Leipziger Str.
2018-09-28,17,11,32,49,37,0.3,Messwagen Leipziger Str.
2018-09-29,14,33,42,93,30,0.4,Messwagen Leipziger Str.
2018-09-30,18,45,58,128,27,0.4,Messwagen Leipziger Str.
2018-01-10,20,43,53,118,20,0.4,Messwagen Leipziger Str.
2018-02-10,10,39,38,97,31,0.3,Messwagen Leipziger Str.
2018-03-10,12,7,20,31,56,0.2,Messwagen Leipziger Str.
2018-04-10,15,59,52,142,22,0.4,Messwagen Leipziger Str.
2018-05-10,24,74,69,183,17,0.5,Messwagen Leipziger Str.
2018-06-10,28,47,65,137,23,0.5,Messwagen Leipziger Str.
2018-07-10,15,10,30,45,39,0.3,Messwagen Leipziger Str.
2018-08-10,19,81,74,197,13,0.5,Messwagen Leipziger Str.
2018-09-10,39,119,82,264,5,0.7,Messwagen Leipziger Str.
2018-10-10,40,66,72,174,24,0.6,Messwagen Leipziger Str.
2018-11-10,47,54,75,157,39,0.5,Messwagen Leipziger Str.
2018-12-10,46,69,90,195,24,0.6,Messwagen Leipziger Str.
2018-10-13,45,38,71,130,33,0.5,Messwagen Leipziger Str.
2018-10-14,42,23,51,86,56,0.4,Messwagen Leipziger Str.
2018-10-15,48,60,83,174,31,0.5,Messwagen Leipziger Str.
2018-10-16,62,109,105,272,10,0.8,Messwagen Leipziger Str.
2018-10-17,73,103,104,262,8,0.8,Messwagen Leipziger Str.
2018-10-18,58,72,54,163,17,0.6,Messwagen Leipziger Str.
2018-10-19,15,19,44,73,30,0.3,Messwagen Leipziger Str.
2018-10-20,19,17,46,72,29,0.3,Messwagen Leipziger Str.
2018-10-21,20,37,50,106,21,0.4,Messwagen Leipziger Str.
2018-10-22,19,48,51,124,22,0.3,Messwagen Leipziger Str.
2018-10-23,11,25,30,68,37,0.2,Messwagen Leipziger Str.
2018-10-24,12,8,25,38,57,0.2,Messwagen Leipziger Str.
2018-10-25,10,14,25,47,47,0.2,Messwagen Leipziger Str.
2018-10-26,18,50,44,121,26,0.4,Messwagen Leipziger Str.
2018-10-27,10,11,25,42,43,0.2,Messwagen Leipziger Str.
2018-10-28,9,14,30,51,26,0.2,Messwagen Leipziger Str.
2018-10-29,14,55,39,123,16,0.3,Messwagen Leipziger Str.
2018-10-30,25,47,43,115,22,0.4,Messwagen Leipziger Str.
2018-10-31,15,63,56,152,21,0.4,Messwagen Leipziger Str.
2018-01-11,34,89,65,201,6,0.6,Messwagen Leipziger Str.
2018-02-11,19,65,59,157,8,0.5,Messwagen Leipziger Str.
2018-03-11,26,34,50,101,12,0.4,Messwagen Leipziger Str.
2018-04-11,39,30,33,78,11,0.5,Messwagen Leipziger Str.
2018-05-11,48,66,56,156,9,0.6,Messwagen Leipziger Str.
2018-06-11,38,76,66,183,10,0.5,Messwagen Leipziger Str.
2018-07-11,48,97,67,216,6,0.7,Messwagen Leipziger Str.
2018-08-11,32,60,52,144,4,0.5,Messwagen Leipziger Str.
2018-09-11,35,78,52,172,3,0.5,Messwagen Leipziger Str.
2018-10-11,36,47,43,115,5,0.5,Messwagen Leipziger Str.
2018-11-11,31,50,42,119,3,0.5,Messwagen Leipziger Str.
2018-12-11,25,84,57,187,4,0.5,Messwagen Leipziger Str.
2018-11-13,16,86,57,189,10,0.5,Messwagen Leipziger Str.
2018-11-14,28,58,53,142,14,0.5,Messwagen Leipziger Str.
2018-11-15,27,81,59,183,8,0.5,Messwagen Leipziger Str.
2018-11-16,27,62,49,145,17,0.5,Messwagen Leipziger Str.
2018-11-17,37,50,42,118,8,0.5,Messwagen Leipziger Str.
2018-11-18,33,19,37,66,13,0.4,Messwagen Leipziger Str.
2018-11-19,14,43,39,104,19,0.3,Messwagen Leipziger Str.
2018-11-20,28,52,44,123,21,0.4,Messwagen Leipziger Str.
2018-11-21,37,67,48,151,13,0.4,Messwagen Leipziger Str.
2018-11-22,38,61,48,142,18,0.4,Messwagen Leipziger Str.
2018-11-23,48,98,45,195,6,0.6,Messwagen Leipziger Str.
2018-11-24,46,75,39,154,1,0.8,Messwagen Leipziger Str.
2018-11-25,45,45,29,98,2,0.7,Messwagen Leipziger Str.
2018-11-26,30,40,37,98,13,0.5,Messwagen Leipziger Str.
2018-11-27,28,70,61,168,8,0.5,Messwagen Leipziger Str.
2018-11-28,28,83,63,190,15,0.5,Messwagen Leipziger Str.
2018-11-29,37,71,58,167,16,0.5,Messwagen Leipziger Str.
2018-11-30,32,82,57,181,15,0.5,Messwagen Leipziger Str.
2018-01-12,31,83,51,178,3,0.6,Messwagen Leipziger Str.
2018-02-12,17,41,43,106,12,0.4,Messwagen Leipziger Str.
2018-03-12,12,65,56,155,13,0.4,Messwagen Leipziger Str.
2018-04-12,12,16,33,57,37,0.3,Messwagen Leipziger Str.
2018-05-12,20,87,64,197,12,0.5,Messwagen Leipziger Str.
2018-06-12,20,85,58,188,9,0.5,Messwagen Leipziger Str.
2018-07-12,12,49,44,120,19,0.4,Messwagen Leipziger Str.
2018-08-12,7,20,24,54,49,0.3,Messwagen Leipziger Str.
2018-09-12,7,12,23,42,51,0.2,Messwagen Leipziger Str.
2018-10-12,,13,27,46,51,0.2,Messwagen Leipziger Str.
2018-11-12,9,14,26,48,17,0.3,Messwagen Leipziger Str.
2018-12-12,17,24,38,75,10,0.3,Messwagen Leipziger Str.
2018-12-13,25,62,41,136,6,0.4,Messwagen Leipziger Str.
2018-12-14,28,74,50,163,10,0.5,Messwagen Leipziger Str.
2018-12-15,25,42,34,97,13,0.4,Messwagen Leipziger Str.
2018-12-16,29,38,35,94,14,0.5,Messwagen Leipziger Str.
2018-12-17,36,100,54,207,3,0.6,Messwagen Leipziger Str.
2018-12-18,30,101,62,216,2,0.6,Messwagen Leipziger Str.
2018-12-19,28,76,57,173,6,0.5,Messwagen Leipziger Str.
2018-12-20,34,102,56,211,3,0.6,Messwagen Leipziger Str.
2018-12-21,12,66,57,158,17,0.4,Messwagen Leipziger Str.
2018-12-22,9,17,27,54,35,0.3,Messwagen Leipziger Str.
2018-12-23,13,15,29,52,30,0.3,Messwagen Leipziger Str.
2018-12-24,9,6,18,27,35,0.3,Messwagen Leipziger Str.
2018-12-25,9,6,19,28,38,0.2,Messwagen Leipziger Str.
2018-12-26,17,10,21,35,30,0.3,Messwagen Leipziger Str.
2018-12-27,20,22,32,65,18,0.3,Messwagen Leipziger Str.
2018-12-28,16,15,31,54,23,0.3,Messwagen Leipziger Str.
2018-12-29,21,24,39,76,12,0.4,Messwagen Leipziger Str.
2018-12-30,9,5,17,24,52,0.2,Messwagen Leipziger Str.
2018-12-31,20,15,28,52,33,0.3,Messwagen Leipziger Str.
2019-01-01,20,8,17,30,54,0.2,Messwagen Leipziger Str.
2019-02-01,11,4,21,27,56,0.2,Messwagen Leipziger Str.
2019-03-01,10,11,38,55,30,0.3,Messwagen Leipziger Str.
2019-04-01,15,20,33,64,27,0.3,Messwagen Leipziger Str.
2019-05-01,8,4,21,27,42,0.2,Messwagen Leipziger Str.
2019-06-01,11,6,26,36,31,0.2,Messwagen Leipziger Str.
2019-07-01,15,70,50,157,15,0.4,Messwagen Leipziger Str.
2019-08-01,7,17,26,52,42,0.2,Messwagen Leipziger Str.
2019-09-01,5,5,20,28,44,0.2,Messwagen Leipziger Str.
2019-10-01,8,8,27,39,45,0.2,Messwagen Leipziger Str.
2019-11-01,15,33,38,89,25,0.3,Messwagen Leipziger Str.
2019-12-01,16,16,29,54,47,0.2,Messwagen Leipziger Str.
2019-01-13,6,9,22,37,53,0.2,Messwagen Leipziger Str.
2019-01-14,11,8,21,33,59,0.2,Messwagen Leipziger Str.
2019-01-15,15,21,33,66,39,0.3,Messwagen Leipziger Str.
2019-01-16,16,29,35,79,32,0.3,Messwagen Leipziger Str.
2019-01-17,12,32,37,85,35,0.3,Messwagen Leipziger Str.
2019-01-18,10,21,34,66,41,0.3,Messwagen Leipziger Str.
2019-01-19,28,50,51,127,22,0.4,Messwagen Leipziger Str.
2019-01-20,39,29,46,91,15,0.5,Messwagen Leipziger Str.
2019-01-21,38,63,58,153,9,0.5,Messwagen Leipziger Str.
2019-01-22,51,84,65,192,8,0.6,Messwagen Leipziger Str.
2019-01-23,63,54,51,133,21,0.7,Messwagen Leipziger Str.
2019-01-24,43,57,49,136,26,0.5,Messwagen Leipziger Str.
2019-01-25,37,42,46,110,22,0.5,Messwagen Leipziger Str.
2019-01-26,26,65,55,154,8,0.5,Messwagen Leipziger Str.
2019-01-27,12,40,47,108,19,0.4,Messwagen Leipziger Str.
2019-01-28,14,60,52,145,20,0.4,Messwagen Leipziger Str.
2019-01-29,17,43,49,115,20,0.4,Messwagen Leipziger Str.
2019-01-30,33,54,54,136,18,0.5,Messwagen Leipziger Str.
2019-01-31,46,74,63,176,11,0.6,Messwagen Leipziger Str.
2019-01-02,60,60,55,147,10,0.7,Messwagen Leipziger Str.
2019-02-02,55,30,38,85,8,0.7,Messwagen Leipziger Str.
2019-03-02,26,5,23,30,26,0.4,Messwagen Leipziger Str.
2019-04-02,20,56,51,135,19,0.4,Messwagen Leipziger Str.
2019-05-02,21,48,48,122,23,0.4,Messwagen Leipziger Str.
2019-06-02,34,74,57,170,19,0.5,Messwagen Leipziger Str.
2019-07-02,31,71,63,172,13,0.5,Messwagen Leipziger Str.
2019-08-02,25,48,48,121,25,0.4,Messwagen Leipziger Str.
2019-09-02,14,18,28,56,53,0.3,Messwagen Leipziger Str.
2019-10-02,10,26,38,78,40,0.3,Messwagen Leipziger Str.
2019-11-02,9,8,23,35,49,0.2,Messwagen Leipziger Str.
2019-12-02,12,12,33,52,52,0.3,Messwagen Leipziger Str.
2019-02-13,31,32,42,90,18,0.4,Messwagen Leipziger Str.
2019-02-14,28,39,53,112,22,0.4,Messwagen Leipziger Str.
2019-02-15,27,96,80,227,7,0.7,Messwagen Leipziger Str.
2019-02-16,21,53,69,150,15,0.5,Messwagen Leipziger Str.
2019-02-17,33,58,72,160,7,0.6,Messwagen Leipziger Str.
2019-02-18,40,103,84,241,6,0.7,Messwagen Leipziger Str.
2019-02-19,27,39,51,110,29,0.4,Messwagen Leipziger Str.
2019-02-20,21,31,43,89,36,0.3,Messwagen Leipziger Str.
2019-02-21,28,35,46,99,29,0.4,Messwagen Leipziger Str.
2019-02-22,14,29,45,88,34,0.3,Messwagen Leipziger Str.
2019-02-23,21,42,55,119,29,0.4,Messwagen Leipziger Str.
2019-02-24,24,33,68,118,19,0.5,Messwagen Leipziger Str.
2019-02-25,34,28,59,102,20,0.4,Messwagen Leipziger Str.
2019-02-26,47,29,51,95,16,0.4,Messwagen Leipziger Str.
2019-02-27,42,96,75,221,14,0.7,Messwagen Leipziger Str.
2019-02-28,45,18,41,68,26,0.3,Messwagen Leipziger Str.
2019-01-03,39,16,32,57,31,0.3,Messwagen Leipziger Str.
2019-02-03,20,27,39,80,38,0.3,Messwagen Leipziger Str.
2019-03-03,16,13,22,42,43,0.3,Messwagen Leipziger Str.
2019-04-03,12,29,34,78,52,0.3,Messwagen Leipziger Str.
2019-05-03,12,21,33,65,50,0.3,Messwagen Leipziger Str.
2019-06-03,19,56,58,143,28,0.4,Messwagen Leipziger Str.
2019-07-03,16,49,53,127,36,0.4,Messwagen Leipziger Str.
2019-08-03,9,12,22,40,64,0.3,Messwagen Leipziger Str.
2019-09-03,11,14,28,49,58,0.3,Messwagen Leipziger Str.
2019-10-03,10,15,27,50,64,0.3,Messwagen Leipziger Str.
2019-11-03,10,19,32,61,53,0.3,Messwagen Leipziger Str.
2019-12-03,15,30,40,85,49,0.3,Messwagen Leipziger Str.
2019-03-13,8,18,27,55,65,0.3,Messwagen Leipziger Str.
2019-03-14,9,32,36,85,49,0.3,Messwagen Leipziger Str.
2019-03-15,10,18,28,56,61,0.3,Messwagen Leipziger Str.
2019-03-16,12,24,33,69,56,0.3,Messwagen Leipziger Str.
2019-03-17,8,11,20,36,65,0.3,Messwagen Leipziger Str.
2019-03-18,9,21,27,59,60,0.3,Messwagen Leipziger Str.
2019-03-19,14,15,35,59,51,0.3,Messwagen Leipziger Str.
2019-03-20,21,37,49,105,47,0.4,Messwagen Leipziger Str.
2019-03-21,30,36,47,101,28,0.4,Messwagen Leipziger Str.
2019-03-22,35,46,51,121,18,0.4,Messwagen Leipziger Str.
2019-03-23,38,19,30,60,29,0.4,Messwagen Leipziger Str.
2019-03-24,16,6,24,33,58,0.3,Messwagen Leipziger Str.
2019-03-25,11,16,33,57,51,0.3,Messwagen Leipziger Str.
2019-03-26,12,9,29,43,54,0.3,Messwagen Leipziger Str.
2019-03-27,13,14,33,54,49,0.3,Messwagen Leipziger Str.
2019-03-28,13,10,31,46,36,0.3,Messwagen Leipziger Str.
2019-03-29,19,50,52,128,27,0.4,Messwagen Leipziger Str.
2019-03-30,25,33,55,106,36,0.4,Messwagen Leipziger Str.
2019-03-31,21,5,22,30,67,0.3,Messwagen Leipziger Str.
2019-01-04,20,45,59,127,45,0.4,Messwagen Leipziger Str.
2019-02-04,37,43,54,119,50,0.4,Messwagen Leipziger Str.
2019-03-04,56,45,68,137,50,0.5,Messwagen Leipziger Str.
2019-04-04,96,39,63,123,57,0.4,Messwagen Leipziger Str.
2019-05-04,49,41,48,111,32,0.4,Messwagen Leipziger Str.
2019-06-04,47,17,55,81,62,0.4,Messwagen Leipziger Str.
2019-07-04,40,9,45,58,72,0.3,Messwagen Leipziger Str.
2019-08-04,44,19,57,85,63,0.3,Messwagen Leipziger Str.
2019-09-04,28,15,43,66,58,0.3,Messwagen Leipziger Str.
2019-10-04,32,32,53,101,43,0.3,Messwagen Leipziger Str.
2019-11-04,16,27,51,91,39,0.3,Messwagen Leipziger Str.
2019-12-04,20,29,53,96,33,0.3,Messwagen Leipziger Str.
2019-04-13,23,16,43,68,44,0.3,Messwagen Leipziger Str.
2019-04-14,22,11,38,55,43,0.3,Messwagen Leipziger Str.
2019-04-15,22,24,56,92,45,0.3,Messwagen Leipziger Str.
2019-04-16,29,36,59,114,58,0.4,Messwagen Leipziger Str.
2019-04-17,32,27,54,95,60,0.3,Messwagen Leipziger Str.
2019-04-18,33,30,71,117,57,0.4,Messwagen Leipziger Str.
2019-04-19,28,8,41,52,88,0.3,Messwagen Leipziger Str.
2019-04-20,23,8,39,52,74,0.3,Messwagen Leipziger Str.
2019-04-21,18,8,39,52,82,0.3,Messwagen Leipziger Str.
2019-04-22,,,,,,,Messwagen Leipziger Str.
2019-04-23,,,,,,,Messwagen Leipziger Str.
2019-04-24,36,25,42,80,61,0.3,Messwagen Leipziger Str.
2019-04-25,22,25,53,91,66,0.3,Messwagen Leipziger Str.
2019-04-26,36,22,40,73,78,0.3,Messwagen Leipziger Str.
2019-04-27,19,16,30,53,59,0.3,Messwagen Leipziger Str.
2019-04-28,11,5,18,26,59,0.2,Messwagen Leipziger Str.
2019-04-29,23,6,21,30,55,0.2,Messwagen Leipziger Str.
2019-04-30,18,7,31,42,75,0.2,Messwagen Leipziger Str.
2019-01-05,27,4,19,24,76,0.2,Messwagen Leipziger Str.
2019-02-05,24,19,33,63,62,0.2,Messwagen Leipziger Str.
2019-03-05,15,13,26,45,73,0.2,Messwagen Leipziger Str.
2019-04-05,12,9,23,38,64,0.2,Messwagen Leipziger Str.
2019-05-05,10,6,23,32,66,0.2,Messwagen Leipziger Str.
2019-06-05,16,16,31,55,64,0.2,Messwagen Leipziger Str.
2019-07-05,13,20,35,66,52,0.2,Messwagen Leipziger Str.
2019-08-05,25,40,59,119,52,0.3,Messwagen Leipziger Str.
2019-09-05,15,41,52,114,49,0.3,Messwagen Leipziger Str.
2019-10-05,17,23,39,74,49,0.3,Messwagen Leipziger Str.
2019-11-05,17,10,36,50,62,0.2,Messwagen Leipziger Str.
2019-12-05,11,1,12,14,77,0.2,Messwagen Leipziger Str.
2019-05-13,15,9,31,45,55,0.2,Messwagen Leipziger Str.
2019-05-14,13,10,32,48,54,0.2,Messwagen Leipziger Str.
2019-05-15,13,11,34,50,54,0.2,Messwagen Leipziger Str.
2019-05-16,15,35,46,99,29,0.3,Messwagen Leipziger Str.
2019-05-17,23,44,54,121,32,0.4,Messwagen Leipziger Str.
2019-05-18,23,21,46,78,54,0.3,Messwagen Leipziger Str.
2019-05-19,21,8,36,48,68,0.3,Messwagen Leipziger Str.
2019-05-20,25,16,44,69,51,0.3,Messwagen Leipziger Str.
2019-05-21,20,23,44,79,56,0.3,Messwagen Leipziger Str.
2019-05-22,16,6,19,29,56,0.2,Messwagen Leipziger Str.
2019-05-23,14,11,29,47,61,0.2,Messwagen Leipziger Str.
2019-05-24,20,32,56,105,71,0.3,Messwagen Leipziger Str.
2019-05-25,12,8,20,33,63,0.2,Messwagen Leipziger Str.
2019-05-26,15,13,25,45,65,0.2,Messwagen Leipziger Str.
2019-05-27,16,28,39,82,45,0.3,Messwagen Leipziger Str.
2019-05-28,17,7,25,36,56,0.2,Messwagen Leipziger Str.
2019-05-29,12,7,24,35,70,0.2,Messwagen Leipziger Str.
2019-05-30,13,13,27,46,69,0.2,Messwagen Leipziger Str.
2019-05-31,18,21,33,65,44,0.3,Messwagen Leipziger Str.
2019-01-06,20,13,35,55,59,0.3,Messwagen Leipziger Str.
2019-02-06,17,13,37,56,71,0.2,Messwagen Leipziger Str.
2019-03-06,14,33,59,109,67,0.3,Messwagen Leipziger Str.
2019-04-06,14,18,53,81,79,0.3,Messwagen Leipziger Str.
2019-05-06,18,30,67,113,75,0.3,Messwagen Leipziger Str.
2019-06-06,20,24,52,89,65,0.3,Messwagen Leipziger Str.
2019-07-06,18,29,48,92,62,0.3,Messwagen Leipziger Str.
2019-08-06,14,16,26,51,71,0.2,Messwagen Leipziger Str.
2019-09-06,13,14,33,55,63,0.2,Messwagen Leipziger Str.
2019-10-06,23,8,35,48,74,0.2,Messwagen Leipziger Str.
2019-11-06,30,28,51,93,74,0.3,Messwagen Leipziger Str.
2019-12-06,24,24,54,90,65,0.3,Messwagen Leipziger Str.
2019-06-13,17,35,54,107,52,0.3,Messwagen Leipziger Str.
2019-06-14,20,34,67,118,68,0.3,Messwagen Leipziger Str.
2019-06-15,28,12,31,49,99,0.2,Messwagen Leipziger Str.
2019-06-16,11,5,24,31,87,0.2,Messwagen Leipziger Str.
2019-06-17,19,29,63,108,68,0.3,Messwagen Leipziger Str.
2019-06-18,20,36,62,116,65,0.3,Messwagen Leipziger Str.
2019-06-19,26,30,70,116,78,0.3,Messwagen Leipziger Str.
2019-06-20,16,20,46,76,76,0.2,Messwagen Leipziger Str.
2019-06-21,15,10,31,47,69,0.2,Messwagen Leipziger Str.
2019-06-22,16,7,29,39,71,0.2,Messwagen Leipziger Str.
2019-06-23,12,6,23,32,77,0.2,Messwagen Leipziger Str.
2019-06-24,18,29,58,102,64,0.3,Messwagen Leipziger Str.
2019-06-25,27,34,75,128,77,0.3,Messwagen Leipziger Str.
2019-06-26,30,18,52,79,100,0.3,Messwagen Leipziger Str.
2019-06-27,18,7,17,27,73,0.2,Messwagen Leipziger Str.
2019-06-28,18,11,23,40,59,0.2,Messwagen Leipziger Str.
2019-06-29,17,15,43,66,73,0.2,Messwagen Leipziger Str.
2019-06-30,22,10,39,54,98,0.3,Messwagen Leipziger Str.
2019-01-07,20,13,28,48,77,0.2,Messwagen Leipziger Str.
2019-02-07,18,9,17,30,60,0.2,Messwagen Leipziger Str.
2019-03-07,15,9,19,33,60,0.2,Messwagen Leipziger Str.
2019-04-07,16,13,25,44,58,0.2,Messwagen Leipziger Str.
2019-05-07,14,9,21,35,53,0.2,Messwagen Leipziger Str.
2019-06-07,15,14,24,45,50,0.2,Messwagen Leipziger Str.
2019-07-07,12,5,10,17,58,0.1,Messwagen Leipziger Str.
2019-08-07,10,17,25,51,50,0.2,Messwagen Leipziger Str.
2019-09-07,10,10,21,36,52,0.2,Messwagen Leipziger Str.
2019-10-07,13,9,20,34,49,0.2,Messwagen Leipziger Str.
2019-11-07,18,19,42,71,56,0.2,Messwagen Leipziger Str.
2019-12-07,16,12,32,50,52,0.2,Messwagen Leipziger Str.
2019-07-13,16,9,26,40,55,0.2,Messwagen Leipziger Str.
2019-07-14,17,4,14,21,53,0.2,Messwagen Leipziger Str.
2019-07-15,14,17,26,52,48,0.2,Messwagen Leipziger Str.
2019-07-16,12,17,25,51,43,0.2,Messwagen Leipziger Str.
2019-07-17,16,12,24,42,50,0.2,Messwagen Leipziger Str.
2019-07-18,17,30,47,93,54,0.3,Messwagen Leipziger Str.
2019-07-19,20,21,44,75,58,0.3,Messwagen Leipziger Str.
2019-07-20,19,20,48,79,56,0.3,Messwagen Leipziger Str.
2019-07-21,16,5,18,25,66,0.2,Messwagen Leipziger Str.
2019-07-22,19,19,39,68,56,0.2,Messwagen Leipziger Str.
2019-07-23,19,7,27,38,59,0.2,Messwagen Leipziger Str.
2019-07-24,22,15,43,66,53,0.2,Messwagen Leipziger Str.
2019-07-25,25,21,43,74,52,0.2,Messwagen Leipziger Str.
2019-07-26,20,14,35,55,52,0.2,Messwagen Leipziger Str.
2019-07-27,22,10,29,44,64,0.2,Messwagen Leipziger Str.
2019-07-28,20,7,31,42,84,0.2,Messwagen Leipziger Str.
2019-07-29,27,18,52,79,73,0.3,Messwagen Leipziger Str.
2019-07-30,28,10,26,41,52,0.2,Messwagen Leipziger Str.
2019-07-31,20,11,36,52,50,0.2,Messwagen Leipziger Str.
2019-01-08,14,14,33,54,55,0.2,Messwagen Leipziger Str.
2019-02-08,19,26,59,99,35,0.3,Messwagen Leipziger Str.
2019-03-08,13,7,28,38,49,0.2,Messwagen Leipziger Str.
2019-04-08,13,3,16,21,60,0.2,Messwagen Leipziger Str.
2019-05-08,19,40,60,122,42,0.4,Messwagen Leipziger Str.
2019-06-08,19,22,42,76,60,0.3,Messwagen Leipziger Str.
2019-07-08,19,30,50,96,44,0.3,Messwagen Leipziger Str.
2019-08-08,17,23,38,74,55,0.3,Messwagen Leipziger Str.
2019-09-08,19,22,46,80,60,0.3,Messwagen Leipziger Str.
2019-10-08,14,15,27,49,60,0.2,Messwagen Leipziger Str.
2019-11-08,15,11,30,47,62,0.2,Messwagen Leipziger Str.
2019-12-08,17,22,37,70,58,0.3,Messwagen Leipziger Str.
2019-08-13,13,17,27,52,63,0.2,Messwagen Leipziger Str.
2019-08-14,14,17,37,62,55,0.3,Messwagen Leipziger Str.
2019-08-15,22,41,53,115,40,0.3,Messwagen Leipziger Str.
2019-08-16,16,21,33,64,37,0.3,Messwagen Leipziger Str.
2019-08-17,20,22,41,75,44,0.3,Messwagen Leipziger Str.
2019-08-18,10,18,27,54,36,0.3,Messwagen Leipziger Str.
2019-08-19,14,31,39,86,37,0.3,Messwagen Leipziger Str.
2019-08-20,17,24,48,84,43,0.3,Messwagen Leipziger Str.
2019-08-21,15,11,36,53,57,0.3,Messwagen Leipziger Str.
2019-08-22,21,34,64,116,50,0.4,Messwagen Leipziger Str.
2019-08-23,24,30,57,104,57,0.4,Messwagen Leipziger Str.
2019-08-24,24,10,42,56,74,0.3,Messwagen Leipziger Str.
2019-08-25,19,9,31,44,82,0.3,Messwagen Leipziger Str.
2019-08-26,31,23,61,96,62,0.4,Messwagen Leipziger Str.
2019-08-27,30,31,63,111,59,0.4,Messwagen Leipziger Str.
2019-08-28,27,32,64,112,61,0.4,Messwagen Leipziger Str.
2019-08-29,20,12,36,55,82,0.2,Messwagen Leipziger Str.
2019-08-30,23,12,47,66,79,0.3,Messwagen Leipziger Str.
2019-08-31,25,16,54,78,80,0.4,Messwagen Leipziger Str.
2019-01-09,21,4,20,26,89,0.2,Messwagen Leipziger Str.
2019-02-09,13,9,23,37,55,0.2,Messwagen Leipziger Str.
2019-03-09,18,34,45,96,40,0.3,Messwagen Leipziger Str.
2019-04-09,25,31,49,97,52,0.3,Messwagen Leipziger Str.
2019-05-09,16,19,25,54,51,0.2,Messwagen Leipziger Str.
2019-06-09,16,36,44,99,38,0.3,Messwagen Leipziger Str.
2019-07-09,20,24,45,82,35,0.3,Messwagen Leipziger Str.
2019-08-09,12,7,28,38,56,0.2,Messwagen Leipziger Str.
2019-09-09,11,,,,,,Messwagen Leipziger Str.
2019-10-09,,,,,,,Messwagen Leipziger Str.
2019-11-09,,,,,,,Messwagen Leipziger Str.
2019-12-09,,,,,,,Messwagen Leipziger Str.
2019-09-13,15,22,29,63,34,0.3,Messwagen Leipziger Str.
2019-09-14,14,16,32,56,40,0.3,Messwagen Leipziger Str.
2019-09-15,13,13,28,47,55,0.3,Messwagen Leipziger Str.
2019-09-16,18,16,26,50,41,0.2,Messwagen Leipziger Str.
2019-09-17,12,17,24,50,40,0.2,Messwagen Leipziger Str.
2019-09-18,12,9,19,32,50,0.2,Messwagen Leipziger Str.
2019-09-19,12,10,26,41,39,0.2,Messwagen Leipziger Str.
2019-09-20,14,16,31,56,35,0.2,Messwagen Leipziger Str.
2019-09-21,19,32,50,99,28,0.4,Messwagen Leipziger Str.
2019-09-22,20,17,40,66,41,0.4,Messwagen Leipziger Str.
2019-09-23,30,38,54,113,40,0.4,Messwagen Leipziger Str.
2019-09-24,35,37,46,102,20,0.4,Messwagen Leipziger Str.
2019-09-25,23,59,51,141,11,0.4,Messwagen Leipziger Str.
2019-09-26,16,60,49,141,12,0.4,Messwagen Leipziger Str.
2019-09-27,12,48,44,118,14,0.4,Messwagen Leipziger Str.
2019-09-28,12,21,25,56,26,0.2,Messwagen Leipziger Str.
2019-09-29,9,13,19,38,36,0.2,Messwagen Leipziger Str.
2019-09-30,7,17,22,47,44,0.2,Messwagen Leipziger Str.
2019-01-10,11,41,36,98,23,0.3,Messwagen Leipziger Str.
2019-02-10,8,15,29,52,36,0.2,Messwagen Leipziger Str.
2019-03-10,7,6,16,25,30,0.2,Messwagen Leipziger Str.
2019-04-10,12,52,42,121,14,0.4,Messwagen Leipziger Str.
2019-05-10,12,8,25,38,28,0.2,Messwagen Leipziger Str.
2019-06-10,11,19,32,62,29,0.3,Messwagen Leipziger Str.
2019-07-10,17,57,63,149,15,0.4,Messwagen Leipziger Str.
2019-08-10,15,42,39,102,13,0.3,Messwagen Leipziger Str.
2019-09-10,13,37,32,88,25,0.3,Messwagen Leipziger Str.
2019-10-10,11,34,34,86,30,0.3,Messwagen Leipziger Str.
2019-11-10,12,37,34,90,27,0.3,Messwagen Leipziger Str.
2019-12-10,13,24,36,73,36,0.3,Messwagen Leipziger Str.
2019-10-13,19,22,37,71,35,0.3,Messwagen Leipziger Str.
2019-10-14,20,39,47,107,29,0.3,Messwagen Leipziger Str.
2019-10-15,38,53,57,139,18,0.5,Messwagen Leipziger Str.
2019-10-16,20,39,40,100,19,0.3,Messwagen Leipziger Str.
2019-10-17,14,52,48,128,16,0.4,Messwagen Leipziger Str.
2019-10-18,12,50,43,120,22,0.4,Messwagen Leipziger Str.
2019-10-19,13,36,41,96,20,0.3,Messwagen Leipziger Str.
2019-10-20,19,28,43,85,17,0.4,Messwagen Leipziger Str.
2019-10-21,34,81,49,172,5,0.5,Messwagen Leipziger Str.
2019-10-22,20,30,42,87,12,0.3,Messwagen Leipziger Str.
2019-10-23,33,56,51,136,11,0.4,Messwagen Leipziger Str.
2019-10-24,55,56,51,136,13,0.5,Messwagen Leipziger Str.
2019-10-25,22,52,47,126,14,0.4,Messwagen Leipziger Str.
2019-10-26,14,26,34,75,29,0.3,Messwagen Leipziger Str.
2019-10-27,11,13,23,42,44,0.2,Messwagen Leipziger Str.
2019-10-28,11,28,36,78,31,0.3,Messwagen Leipziger Str.
2019-10-29,15,15,36,58,24,0.2,Messwagen Leipziger Str.
